component,exact_version_or_commit,copyright_holder,license,binary_location,license_text_source,exact_corresponding_source_url,source_availability_required,notice_required,modified,material_kind,inclusion_evidence,evidence_status,license_archive_paths,notes
@colors/colors,1.6.0,- Copyright (c) Marak Squires | - Copyright (c) Sindre Sorhus <sindresorhus@gmail.com> (sindresorhus.com) | - Copyright (c) DABH (https://github.com/DABH),MIT,ETS2-FlexBar-1.0.0.flexplugin!backend/main.cjs,https://registry.npmjs.org/@colors/colors/-/colors-1.6.0.tgz :: package/LICENSE,https://registry.npmjs.org/@colors/colors/-/colors-1.6.0.tgz,No source publication requirement under the recorded permissive license.,Yes: retain copyright and full license; retain applicable upstream notices.,Rollup bundled/transformed; installed upstream source files not edited.,redistributed code,Nonzero rendered Rollup modules; regenerated main.cjs is byte-identical. 20 module records.,confirmed,licenses/npm/colors__colors-1.6.0/LICENSE,
@dabh/diagnostics,2.0.9,"Copyright (c) 2015 Arnout Kazemier, Martijn Swaagman, the Contributors.",MIT,ETS2-FlexBar-1.0.0.flexplugin!backend/main.cjs,https://registry.npmjs.org/@dabh/diagnostics/-/diagnostics-2.0.9.tgz :: package/LICENSE,https://registry.npmjs.org/@dabh/diagnostics/-/diagnostics-2.0.9.tgz,No source publication requirement under the recorded permissive license.,Yes: retain copyright and full license; retain applicable upstream notices.,Rollup bundled/transformed; installed upstream source files not edited.,redistributed code,Nonzero rendered Rollup modules; regenerated main.cjs is byte-identical. 9 module records.,confirmed,licenses/npm/dabh__diagnostics-2.0.9/LICENSE,
@eniac/flexdesigner,1.0.9 / 062888c0e768f67d501e4362b86222064edd91c5,Not stated in upstream notice; declared author: eniac (not asserted as a copyright notice).,MIT (official npm metadata),ETS2-FlexBar-1.0.0.flexplugin!backend/main.cjs,https://raw.githubusercontent.com/spdx/license-list-data/v3.27.0/text/MIT.txt ; https://registry.npmjs.org/@eniac/flexdesigner/1.0.9,https://registry.npmjs.org/@eniac/flexdesigner/-/flexdesigner-1.0.9.tgz,No source publication requirement under MIT.,Retain official author/license metadata and standard MIT text; do not invent an upstream copyright year.,Rollup bundled/transformed. Project wraps SDK transport lifecycle at runtime; upstream installed files not edited.,redistributed code,Nonzero rendered Rollup modules; regenerated main.cjs is byte-identical. 5 module records.,"confirmed inclusion; H001 upstream metadata ambiguity, nonblocking",licenses/eniac-sdk/MIT-standard.txt ; licenses/eniac-sdk/ATTRIBUTION.txt,
@so-ric/colorspace,1.1.6,"Copyright (c) 2015 Arnout Kazemier, Martijn Swaagman, the Contributors.",MIT,ETS2-FlexBar-1.0.0.flexplugin!backend/main.cjs,https://registry.npmjs.org/@so-ric/colorspace/-/colorspace-1.1.6.tgz :: package/LICENSE.md,https://registry.npmjs.org/@so-ric/colorspace/-/colorspace-1.1.6.tgz,No source publication requirement under the recorded permissive license.,Yes: retain copyright and full license; retain applicable upstream notices.,Rollup bundled/transformed; installed upstream source files not edited.,redistributed code,Nonzero rendered Rollup modules; regenerated main.cjs is byte-identical. 1 module records.,confirmed,licenses/npm/so-ric__colorspace-1.1.6/LICENSE.md,
async,3.2.6,Copyright (c) 2010-2018 Caolan McMahon,MIT,ETS2-FlexBar-1.0.0.flexplugin!backend/main.cjs,https://registry.npmjs.org/async/-/async-3.2.6.tgz :: package/LICENSE,https://registry.npmjs.org/async/-/async-3.2.6.tgz,No source publication requirement under the recorded permissive license.,Yes: retain copyright and full license; retain applicable upstream notices.,Rollup bundled/transformed; installed upstream source files not edited.,redistributed code,Nonzero rendered Rollup modules; regenerated main.cjs is byte-identical. 40 module records.,confirmed,licenses/npm/async-3.2.6/LICENSE,
enabled,2.0.0,"Copyright (c) 2015 Arnout Kazemier, Martijn Swaagman, the Contributors.",MIT,ETS2-FlexBar-1.0.0.flexplugin!backend/main.cjs,https://registry.npmjs.org/enabled/-/enabled-2.0.0.tgz :: package/LICENSE,https://registry.npmjs.org/enabled/-/enabled-2.0.0.tgz,No source publication requirement under the recorded permissive license.,Yes: retain copyright and full license; retain applicable upstream notices.,Rollup bundled/transformed; installed upstream source files not edited.,redistributed code,Nonzero rendered Rollup modules; regenerated main.cjs is byte-identical. 1 module records.,confirmed,licenses/npm/enabled-2.0.0/LICENSE,
fecha,4.2.3,Copyright (c) 2015 Taylor Hakes,MIT,ETS2-FlexBar-1.0.0.flexplugin!backend/main.cjs,https://registry.npmjs.org/fecha/-/fecha-4.2.3.tgz :: package/LICENSE,https://registry.npmjs.org/fecha/-/fecha-4.2.3.tgz,No source publication requirement under the recorded permissive license.,Yes: retain copyright and full license; retain applicable upstream notices.,Rollup bundled/transformed; installed upstream source files not edited.,redistributed code,Nonzero rendered Rollup modules; regenerated main.cjs is byte-identical. 2 module records.,confirmed,licenses/npm/fecha-4.2.3/LICENSE,
file-stream-rotator,0.6.1,Copyright © 2022 Roger Castells,MIT,ETS2-FlexBar-1.0.0.flexplugin!backend/main.cjs,https://registry.npmjs.org/file-stream-rotator/-/file-stream-rotator-0.6.1.tgz :: package/LICENSE.txt,https://registry.npmjs.org/file-stream-rotator/-/file-stream-rotator-0.6.1.tgz,No source publication requirement under the recorded permissive license.,Yes: retain copyright and full license; retain applicable upstream notices.,Rollup bundled/transformed; installed upstream source files not edited.,redistributed code,Nonzero rendered Rollup modules; regenerated main.cjs is byte-identical. 1 module records.,confirmed,licenses/npm/file-stream-rotator-0.6.1/LICENSE.txt,
fn.name,1.1.0,"Copyright (c) 2015 Arnout Kazemier, Martijn Swaagman, the Contributors.",MIT,ETS2-FlexBar-1.0.0.flexplugin!backend/main.cjs,https://registry.npmjs.org/fn.name/-/fn.name-1.1.0.tgz :: package/LICENSE,https://registry.npmjs.org/fn.name/-/fn.name-1.1.0.tgz,No source publication requirement under the recorded permissive license.,Yes: retain copyright and full license; retain applicable upstream notices.,Rollup bundled/transformed; installed upstream source files not edited.,redistributed code,Nonzero rendered Rollup modules; regenerated main.cjs is byte-identical. 1 module records.,confirmed,licenses/npm/fn.name-1.1.0/LICENSE,
inherits,2.0.4,Copyright (c) Isaac Z. Schlueter,ISC,ETS2-FlexBar-1.0.0.flexplugin!backend/main.cjs,https://registry.npmjs.org/inherits/-/inherits-2.0.4.tgz :: package/LICENSE,https://registry.npmjs.org/inherits/-/inherits-2.0.4.tgz,No source publication requirement under the recorded permissive license.,Yes: retain copyright and full license; retain applicable upstream notices.,Rollup bundled/transformed; installed upstream source files not edited.,redistributed code,Nonzero rendered Rollup modules; regenerated main.cjs is byte-identical. 4 module records.,confirmed,licenses/npm/inherits-2.0.4/LICENSE,
is-stream,2.0.1,Copyright (c) Sindre Sorhus <sindresorhus@gmail.com> (https://sindresorhus.com),MIT,ETS2-FlexBar-1.0.0.flexplugin!backend/main.cjs,https://registry.npmjs.org/is-stream/-/is-stream-2.0.1.tgz :: package/license,https://registry.npmjs.org/is-stream/-/is-stream-2.0.1.tgz,No source publication requirement under the recorded permissive license.,Yes: retain copyright and full license; retain applicable upstream notices.,Rollup bundled/transformed; installed upstream source files not edited.,redistributed code,Nonzero rendered Rollup modules; regenerated main.cjs is byte-identical. 1 module records.,confirmed,licenses/npm/is-stream-2.0.1/license,
kuler,2.0.0,Copyright 2014 Arnout Kazemier,MIT,ETS2-FlexBar-1.0.0.flexplugin!backend/main.cjs,https://registry.npmjs.org/kuler/-/kuler-2.0.0.tgz :: package/LICENSE,https://registry.npmjs.org/kuler/-/kuler-2.0.0.tgz,No source publication requirement under the recorded permissive license.,Yes: retain copyright and full license; retain applicable upstream notices.,Rollup bundled/transformed; installed upstream source files not edited.,redistributed code,Nonzero rendered Rollup modules; regenerated main.cjs is byte-identical. 1 module records.,confirmed,licenses/npm/kuler-2.0.0/LICENSE,
logform,2.7.0,Copyright (c) 2017 Charlie Robbins & the Contributors.,MIT,ETS2-FlexBar-1.0.0.flexplugin!backend/main.cjs,https://registry.npmjs.org/logform/-/logform-2.7.0.tgz :: package/LICENSE,https://registry.npmjs.org/logform/-/logform-2.7.0.tgz,No source publication requirement under the recorded permissive license.,Yes: retain copyright and full license; retain applicable upstream notices.,Rollup bundled/transformed; installed upstream source files not edited.,redistributed code,Nonzero rendered Rollup modules; regenerated main.cjs is byte-identical. 26 module records.,confirmed,licenses/npm/logform-2.7.0/LICENSE,
minimist,1.2.8,See full license/source notices; no separate holder inferred from package author.,MIT,ETS2-FlexBar-1.0.0.flexplugin!backend/main.cjs,https://registry.npmjs.org/minimist/-/minimist-1.2.8.tgz :: package/LICENSE,https://registry.npmjs.org/minimist/-/minimist-1.2.8.tgz,No source publication requirement under the recorded permissive license.,Yes: retain copyright and full license; retain applicable upstream notices.,Rollup bundled/transformed; installed upstream source files not edited.,redistributed code,Nonzero rendered Rollup modules; regenerated main.cjs is byte-identical. 2 module records.,confirmed,licenses/npm/minimist-1.2.8/LICENSE,
moment,2.31.0,Copyright (c) OpenJS Foundation and other contributors,MIT,ETS2-FlexBar-1.0.0.flexplugin!backend/main.cjs,https://registry.npmjs.org/moment/-/moment-2.31.0.tgz :: package/LICENSE,https://registry.npmjs.org/moment/-/moment-2.31.0.tgz,No source publication requirement under the recorded permissive license.,Yes: retain copyright and full license; retain applicable upstream notices.,Rollup bundled/transformed; installed upstream source files not edited.,redistributed code,Nonzero rendered Rollup modules; regenerated main.cjs is byte-identical. 2 module records.,confirmed,licenses/npm/moment-2.31.0/LICENSE,
ms,2.1.3,"Copyright (c) 2020 Vercel, Inc.",MIT,ETS2-FlexBar-1.0.0.flexplugin!backend/main.cjs,https://registry.npmjs.org/ms/-/ms-2.1.3.tgz :: package/license.md,https://registry.npmjs.org/ms/-/ms-2.1.3.tgz,No source publication requirement under the recorded permissive license.,Yes: retain copyright and full license; retain applicable upstream notices.,Rollup bundled/transformed; installed upstream source files not edited.,redistributed code,Nonzero rendered Rollup modules; regenerated main.cjs is byte-identical. 1 module records.,confirmed,licenses/npm/ms-2.1.3/license.md,
object-hash,3.0.0,Copyright (c) 2014 object-hash contributors,MIT,ETS2-FlexBar-1.0.0.flexplugin!backend/main.cjs,https://registry.npmjs.org/object-hash/-/object-hash-3.0.0.tgz :: package/LICENSE,https://registry.npmjs.org/object-hash/-/object-hash-3.0.0.tgz,No source publication requirement under the recorded permissive license.,Yes: retain copyright and full license; retain applicable upstream notices.,Rollup bundled/transformed; installed upstream source files not edited.,redistributed code,Nonzero rendered Rollup modules; regenerated main.cjs is byte-identical. 2 module records.,confirmed,licenses/npm/object-hash-3.0.0/LICENSE,
one-time,1.0.0,"Copyright (c) 2015 Unshift.io, Arnout Kazemier,  the Contributors.",MIT,ETS2-FlexBar-1.0.0.flexplugin!backend/main.cjs,https://registry.npmjs.org/one-time/-/one-time-1.0.0.tgz :: package/LICENSE,https://registry.npmjs.org/one-time/-/one-time-1.0.0.tgz,No source publication requirement under the recorded permissive license.,Yes: retain copyright and full license; retain applicable upstream notices.,Rollup bundled/transformed; installed upstream source files not edited.,redistributed code,Nonzero rendered Rollup modules; regenerated main.cjs is byte-identical. 1 module records.,confirmed,licenses/npm/one-time-1.0.0/LICENSE,
readable-stream,3.6.2,See full license/source notices; no separate holder inferred from package author.,MIT,ETS2-FlexBar-1.0.0.flexplugin!backend/main.cjs,https://registry.npmjs.org/readable-stream/-/readable-stream-3.6.2.tgz :: package/LICENSE,https://registry.npmjs.org/readable-stream/-/readable-stream-3.6.2.tgz,No source publication requirement under the recorded permissive license.,Yes: retain copyright and full license; retain applicable upstream notices.,Rollup bundled/transformed; installed upstream source files not edited.,redistributed code,Nonzero rendered Rollup modules; regenerated main.cjs is byte-identical. 29 module records.,confirmed,licenses/npm/readable-stream-3.6.2/LICENSE,
safe-buffer,5.2.1,Copyright (c) Feross Aboukhadijeh,MIT,ETS2-FlexBar-1.0.0.flexplugin!backend/main.cjs,https://registry.npmjs.org/safe-buffer/-/safe-buffer-5.2.1.tgz :: package/LICENSE,https://registry.npmjs.org/safe-buffer/-/safe-buffer-5.2.1.tgz,No source publication requirement under the recorded permissive license.,Yes: retain copyright and full license; retain applicable upstream notices.,Rollup bundled/transformed; installed upstream source files not edited.,redistributed code,Nonzero rendered Rollup modules; regenerated main.cjs is byte-identical. 2 module records.,confirmed,licenses/npm/safe-buffer-5.2.1/LICENSE,
safe-stable-stringify,2.5.0,Copyright (c) Ruben Bridgewater,MIT,ETS2-FlexBar-1.0.0.flexplugin!backend/main.cjs,https://registry.npmjs.org/safe-stable-stringify/-/safe-stable-stringify-2.5.0.tgz :: package/LICENSE,https://registry.npmjs.org/safe-stable-stringify/-/safe-stable-stringify-2.5.0.tgz,No source publication requirement under the recorded permissive license.,Yes: retain copyright and full license; retain applicable upstream notices.,Rollup bundled/transformed; installed upstream source files not edited.,redistributed code,Nonzero rendered Rollup modules; regenerated main.cjs is byte-identical. 2 module records.,confirmed,licenses/npm/safe-stable-stringify-2.5.0/LICENSE,
stack-trace,0.0.10,Copyright (c) 2011 Felix Geisendörfer (felix@debuggable.com),MIT,ETS2-FlexBar-1.0.0.flexplugin!backend/main.cjs,https://registry.npmjs.org/stack-trace/-/stack-trace-0.0.10.tgz :: package/License,https://registry.npmjs.org/stack-trace/-/stack-trace-0.0.10.tgz,No source publication requirement under the recorded permissive license.,Yes: retain copyright and full license; retain applicable upstream notices.,Rollup bundled/transformed; installed upstream source files not edited.,redistributed code,Nonzero rendered Rollup modules; regenerated main.cjs is byte-identical. 2 module records.,confirmed,licenses/npm/stack-trace-0.0.10/License,
string_decoder,1.3.0,See full license/source notices; no separate holder inferred from package author.,MIT,ETS2-FlexBar-1.0.0.flexplugin!backend/main.cjs,https://registry.npmjs.org/string_decoder/-/string_decoder-1.3.0.tgz :: package/LICENSE,https://registry.npmjs.org/string_decoder/-/string_decoder-1.3.0.tgz,No source publication requirement under the recorded permissive license.,Yes: retain copyright and full license; retain applicable upstream notices.,Rollup bundled/transformed; installed upstream source files not edited.,redistributed code,Nonzero rendered Rollup modules; regenerated main.cjs is byte-identical. 2 module records.,confirmed,licenses/npm/string_decoder-1.3.0/LICENSE,
triple-beam,1.4.1,Copyright (c) 2017 winstonjs,MIT,ETS2-FlexBar-1.0.0.flexplugin!backend/main.cjs,https://registry.npmjs.org/triple-beam/-/triple-beam-1.4.1.tgz :: package/LICENSE,https://registry.npmjs.org/triple-beam/-/triple-beam-1.4.1.tgz,No source publication requirement under the recorded permissive license.,Yes: retain copyright and full license; retain applicable upstream notices.,Rollup bundled/transformed; installed upstream source files not edited.,redistributed code,Nonzero rendered Rollup modules; regenerated main.cjs is byte-identical. 10 module records.,confirmed,licenses/npm/triple-beam-1.4.1/LICENSE,
util-deprecate,1.0.2,Copyright (c) 2014 Nathan Rajlich <nathan@tootallnate.net>,MIT,ETS2-FlexBar-1.0.0.flexplugin!backend/main.cjs,https://registry.npmjs.org/util-deprecate/-/util-deprecate-1.0.2.tgz :: package/LICENSE,https://registry.npmjs.org/util-deprecate/-/util-deprecate-1.0.2.tgz,No source publication requirement under the recorded permissive license.,Yes: retain copyright and full license; retain applicable upstream notices.,Rollup bundled/transformed; installed upstream source files not edited.,redistributed code,Nonzero rendered Rollup modules; regenerated main.cjs is byte-identical. 1 module records.,confirmed,licenses/npm/util-deprecate-1.0.2/LICENSE,
uuid,11.1.1,Copyright (c) 2010-2020 Robert Kieffer and other contributors,MIT,ETS2-FlexBar-1.0.0.flexplugin!backend/main.cjs,https://registry.npmjs.org/uuid/-/uuid-11.1.1.tgz :: package/LICENSE.md,https://registry.npmjs.org/uuid/-/uuid-11.1.1.tgz,No source publication requirement under the recorded permissive license.,Yes: retain copyright and full license; retain applicable upstream notices.,Rollup bundled/transformed; installed upstream source files not edited.,redistributed code,Nonzero rendered Rollup modules; regenerated main.cjs is byte-identical. 4 module records.,confirmed,licenses/npm/uuid-11.1.1/LICENSE.md,
winston,3.19.0,Copyright (c) 2010 Charlie Robbins,MIT,ETS2-FlexBar-1.0.0.flexplugin!backend/main.cjs,https://registry.npmjs.org/winston/-/winston-3.19.0.tgz :: package/LICENSE,https://registry.npmjs.org/winston/-/winston-3.19.0.tgz,No source publication requirement under the recorded permissive license.,Yes: retain copyright and full license; retain applicable upstream notices.,Rollup bundled/transformed; installed upstream source files not edited.,redistributed code,Nonzero rendered Rollup modules; regenerated main.cjs is byte-identical. 23 module records.,confirmed,licenses/npm/winston-3.19.0/LICENSE,
winston-daily-rotate-file,5.0.0,Copyright (c) 2015-2024 winstonjs,MIT,ETS2-FlexBar-1.0.0.flexplugin!backend/main.cjs,https://registry.npmjs.org/winston-daily-rotate-file/-/winston-daily-rotate-file-5.0.0.tgz :: package/LICENSE,https://registry.npmjs.org/winston-daily-rotate-file/-/winston-daily-rotate-file-5.0.0.tgz,No source publication requirement under the recorded permissive license.,Yes: retain copyright and full license; retain applicable upstream notices.,Rollup bundled/transformed; installed upstream source files not edited.,redistributed code,Nonzero rendered Rollup modules; regenerated main.cjs is byte-identical. 3 module records.,confirmed,licenses/npm/winston-daily-rotate-file-5.0.0/LICENSE,
winston-transport,4.9.0,Copyright (c) 2015 Charlie Robbins & the contributors.,MIT,ETS2-FlexBar-1.0.0.flexplugin!backend/main.cjs,https://registry.npmjs.org/winston-transport/-/winston-transport-4.9.0.tgz :: package/LICENSE,https://registry.npmjs.org/winston-transport/-/winston-transport-4.9.0.tgz,No source publication requirement under the recorded permissive license.,Yes: retain copyright and full license; retain applicable upstream notices.,Rollup bundled/transformed; installed upstream source files not edited.,redistributed code,Nonzero rendered Rollup modules; regenerated main.cjs is byte-identical. 6 module records.,confirmed,licenses/npm/winston-transport-4.9.0/LICENSE,
ws,8.21.3,Copyright (c) 2011 Einar Otto Stangvik <einaros@gmail.com> | Copyright (c) 2013 Arnout Kazemier and contributors | Copyright (c) 2016 Luigi Pinca and contributors,MIT,ETS2-FlexBar-1.0.0.flexplugin!backend/main.cjs,https://registry.npmjs.org/ws/-/ws-8.21.3.tgz :: package/LICENSE,https://registry.npmjs.org/ws/-/ws-8.21.3.tgz,No source publication requirement under the recorded permissive license.,Yes: retain copyright and full license; retain applicable upstream notices.,Rollup bundled/transformed; installed upstream source files not edited.,redistributed code,Nonzero rendered Rollup modules; regenerated main.cjs is byte-identical. 23 module records.,confirmed,licenses/npm/ws-8.21.3/LICENSE,
@napi-rs/canvas JavaScript loader and helpers,0.1.80 / dda1b258dac667b4c66b94bbd4d70aa79ea4503a,Copyright (c) 2020 lynweklm@gmail.com,MIT,ETS2-FlexBar-1.0.0.flexplugin!backend/node_modules/@napi-rs/canvas/,https://registry.npmjs.org/@napi-rs/canvas/-/canvas-0.1.80.tgz :: package/LICENSE,https://registry.npmjs.org/@napi-rs/canvas/-/canvas-0.1.80.tgz,No source publication requirement under the recorded permissive license.,Yes: retain copyright and full license; retain applicable upstream notices.,Copied unchanged by project; vendored geometry helper is a separate row.,redistributed code,Entire npm package is physically copied into candidate.,confirmed,licenses/canvas-0.1.80/LICENSE,
@napi-rs/canvas native wrapper,0.1.80 / dda1b258dac667b4c66b94bbd4d70aa79ea4503a,Copyright (c) 2020 lynweklm@gmail.com,MIT (wrapper only; embedded libraries have their own licenses),ETS2-FlexBar-1.0.0.flexplugin!backend/node_modules/@napi-rs/canvas-win32-x64-msvc/skia.win32-x64-msvc.node,https://registry.npmjs.org/@napi-rs/canvas/-/canvas-0.1.80.tgz :: package/LICENSE,https://github.com/Brooooooklyn/canvas/tree/dda1b258dac667b4c66b94bbd4d70aa79ea4503a,No source publication requirement under the recorded permissive license.,Yes: retain copyright and full license; retain applicable upstream notices.,No project changes to distributed addon; upstream dependency modifications not independently established.,redistributed code,Local addon SHA256 matches upstream Windows release asset; npm provenance binds source commit.,confirmed,licenses/canvas-0.1.80/LICENSE,Native archive: https://registry.npmjs.org/@napi-rs/canvas-win32-x64-msvc/-/canvas-win32-x64-msvc-0.1.80.tgz . No claim that wrapper MIT covers the entire binary.
geometry-polyfill,f36bbc8f4bc43539d980687904ce46c8e915543d,Copyright (c) 2018 Jarek Foksa,MIT,ETS2-FlexBar-1.0.0.flexplugin!backend/node_modules/@napi-rs/canvas/geometry.js,https://raw.githubusercontent.com/jarek-foksa/geometry-polyfill/f36bbc8f4bc43539d980687904ce46c8e915543d/LICENSE,https://github.com/jarek-foksa/geometry-polyfill/tree/f36bbc8f4bc43539d980687904ce46c8e915543d,No source publication requirement under the recorded permissive license.,Yes: retain copyright and full license; retain applicable upstream notices.,"Modified upstream by Canvas to remove window-global dependence, as its file header states; no project edit.",redistributed code,Shipped geometry.js names this exact vendored commit.,confirmed,licenses/geometry-polyfill/LICENSE,
aho-corasick,1.1.3 / 56256dca1bcd2365fd1dc987c1c06195429a2e2c,Copyright (c) 2015 Andrew Gallant,Unlicense OR MIT,ETS2-FlexBar-1.0.0.flexplugin!backend/node_modules/@napi-rs/canvas-win32-x64-msvc/skia.win32-x64-msvc.node,https://static.crates.io/crates/aho-corasick/aho-corasick-1.1.3.crate :: COPYING ; https://static.crates.io/crates/aho-corasick/aho-corasick-1.1.3.crate :: LICENSE-MIT,https://static.crates.io/crates/aho-corasick/aho-corasick-1.1.3.crate,No source publication requirement under the recorded permissive license.,Yes: retain copyright and full license; retain applicable upstream notices.,No project changes to distributed addon; upstream dependency modifications not independently established.,redistributed code,Versioned crate source path present in native addon; exact registry archive SHA256 8e60d3430d3a69478ad0993f19238d2df97c507009a52b3c10addcd7f6bcb916,confirmed,licenses/rust/aho-corasick-1.1.3/COPYING ; licenses/rust/aho-corasick-1.1.3/LICENSE-MIT,Unicode table license is also retained where supplied. Dual-license texts retained; MIT option used where available.
base64-simd,0.8.0 / d74c030d9dc4f3cae02146d1f497ff62726ef09a,Copyright (c) 2021 Nugine,MIT,ETS2-FlexBar-1.0.0.flexplugin!backend/node_modules/@napi-rs/canvas-win32-x64-msvc/skia.win32-x64-msvc.node,https://raw.githubusercontent.com/Nugine/simd/d74c030d9dc4f3cae02146d1f497ff62726ef09a/LICENSE :: LICENSE-upstream,https://static.crates.io/crates/base64-simd/base64-simd-0.8.0.crate,No source publication requirement under the recorded permissive license.,Yes: retain copyright and full license; retain applicable upstream notices.,No project changes to distributed addon; upstream dependency modifications not independently established.,redistributed code,Versioned crate source path present in native addon; exact registry archive SHA256 339abbe78e73178762e23bea9dfd08e697eb3f3301cd4be981c0f78ba5859195,confirmed,licenses/rust/base64-simd-0.8.0/LICENSE-upstream,Unicode table license is also retained where supplied. Dual-license texts retained; MIT option used where available.
cfb,0.7.3 / df3678d0fa60e298f7b1532939b4dede1e2895e4,Copyright (c) 2017 Matthew D. Steele,MIT,ETS2-FlexBar-1.0.0.flexplugin!backend/node_modules/@napi-rs/canvas-win32-x64-msvc/skia.win32-x64-msvc.node,https://static.crates.io/crates/cfb/cfb-0.7.3.crate :: LICENSE,https://static.crates.io/crates/cfb/cfb-0.7.3.crate,No source publication requirement under the recorded permissive license.,Yes: retain copyright and full license; retain applicable upstream notices.,No project changes to distributed addon; upstream dependency modifications not independently established.,redistributed code,Versioned crate source path present in native addon; exact registry archive SHA256 d38f2da7a0a2c4ccf0065be06397cc26a81f4e528be095826eee9d4adbb8c60f,confirmed,licenses/rust/cfb-0.7.3/LICENSE,Unicode table license is also retained where supplied. Dual-license texts retained; MIT option used where available.
cssparser,0.35.0 / 3dd4f63639925438d9932dafc0d81395847f9be4,See full license/source notices; no separate holder inferred from package author.,MPL-2.0,ETS2-FlexBar-1.0.0.flexplugin!backend/node_modules/@napi-rs/canvas-win32-x64-msvc/skia.win32-x64-msvc.node,https://static.crates.io/crates/cssparser/cssparser-0.35.0.crate :: LICENSE,https://static.crates.io/crates/cssparser/cssparser-0.35.0.crate,YES: MPL-2.0 Source Code Form including modifications; see SOURCE_AVAILABILITY.md.,Yes: retain copyright and full license; retain applicable upstream notices.,No project changes to distributed addon; upstream dependency modifications not independently established.,redistributed code,Versioned crate source path present in native addon; exact registry archive SHA256 4e901edd733a1472f944a45116df3f846f54d37e67e68640ac8bb69689aca2aa,confirmed,licenses/rust/cssparser-0.35.0/LICENSE,Unicode table license is also retained where supplied. Dual-license texts retained; MIT option used where available.
memchr,2.7.5 / 3962118774ac511580c5b40fd14323e31629fa52,Copyright (c) 2015 Andrew Gallant,Unlicense OR MIT,ETS2-FlexBar-1.0.0.flexplugin!backend/node_modules/@napi-rs/canvas-win32-x64-msvc/skia.win32-x64-msvc.node,https://static.crates.io/crates/memchr/memchr-2.7.5.crate :: COPYING ; https://static.crates.io/crates/memchr/memchr-2.7.5.crate :: LICENSE-MIT,https://static.crates.io/crates/memchr/memchr-2.7.5.crate,No source publication requirement under the recorded permissive license.,Yes: retain copyright and full license; retain applicable upstream notices.,No project changes to distributed addon; upstream dependency modifications not independently established.,redistributed code,Versioned crate source path present in native addon; exact registry archive SHA256 32a282da65faaf38286cf3be983213fcf1d2e2a58700e808f83f4ea9a4804bc0,confirmed,licenses/rust/memchr-2.7.5/COPYING ; licenses/rust/memchr-2.7.5/LICENSE-MIT,Unicode table license is also retained where supplied. Dual-license texts retained; MIT option used where available.
napi,3.3.0 / 2cb9c17e1ca9333eba2c8a853f482f8efbea5fdd,Copyright (c) 2020-present LongYinan | Copyright (c) 2018 GitHub,MIT,ETS2-FlexBar-1.0.0.flexplugin!backend/node_modules/@napi-rs/canvas-win32-x64-msvc/skia.win32-x64-msvc.node,https://raw.githubusercontent.com/napi-rs/napi-rs/2cb9c17e1ca9333eba2c8a853f482f8efbea5fdd/LICENSE :: LICENSE-upstream,https://static.crates.io/crates/napi/napi-3.3.0.crate,No source publication requirement under the recorded permissive license.,Yes: retain copyright and full license; retain applicable upstream notices.,No project changes to distributed addon; upstream dependency modifications not independently established.,redistributed code,Versioned crate source path present in native addon; exact registry archive SHA256 f1b74e3dce5230795bb4d2821b941706dee733c7308752507254b0497f39cad7,confirmed,licenses/rust/napi-3.3.0/LICENSE-upstream,Unicode table license is also retained where supplied. Dual-license texts retained; MIT option used where available.
napi-sys,3.0.0 / a9dc138aa036d75db790282ebf9bfe88670d9e7d,Copyright (c) 2020-present LongYinan | Copyright (c) 2018 GitHub,MIT,ETS2-FlexBar-1.0.0.flexplugin!backend/node_modules/@napi-rs/canvas-win32-x64-msvc/skia.win32-x64-msvc.node,https://raw.githubusercontent.com/napi-rs/napi-rs/a9dc138aa036d75db790282ebf9bfe88670d9e7d/LICENSE :: LICENSE-upstream,https://static.crates.io/crates/napi-sys/napi-sys-3.0.0.crate,No source publication requirement under the recorded permissive license.,Yes: retain copyright and full license; retain applicable upstream notices.,No project changes to distributed addon; upstream dependency modifications not independently established.,redistributed code,Versioned crate source path present in native addon; exact registry archive SHA256 3e4e7135a8f97aa0f1509cce21a8a1f9dcec1b50d8dee006b48a5adb69a9d64d,confirmed,licenses/rust/napi-sys-3.0.0/LICENSE-upstream,Unicode table license is also retained where supplied. Dual-license texts retained; MIT option used where available.
nom,8.0.0 / 2cec1b3e4c9ccac62c902d60c00de6d1549ccbe1,Copyright (c) 2014-2019 Geoffroy Couprie,MIT,ETS2-FlexBar-1.0.0.flexplugin!backend/node_modules/@napi-rs/canvas-win32-x64-msvc/skia.win32-x64-msvc.node,https://static.crates.io/crates/nom/nom-8.0.0.crate :: LICENSE,https://static.crates.io/crates/nom/nom-8.0.0.crate,No source publication requirement under the recorded permissive license.,Yes: retain copyright and full license; retain applicable upstream notices.,No project changes to distributed addon; upstream dependency modifications not independently established.,redistributed code,Versioned crate source path present in native addon; exact registry archive SHA256 df9761775871bdef83bee530e60050f7e54b1105350d6884eb0fb4f46c2f9405,confirmed,licenses/rust/nom-8.0.0/LICENSE,Unicode table license is also retained where supplied. Dual-license texts retained; MIT option used where available.
regex,1.11.2 / d0aa586a4c15d3e8d86990f33b4d3635340af407,Copyright (c) 2014 The Rust Project Developers,MIT OR Apache-2.0,ETS2-FlexBar-1.0.0.flexplugin!backend/node_modules/@napi-rs/canvas-win32-x64-msvc/skia.win32-x64-msvc.node,https://static.crates.io/crates/regex/regex-1.11.2.crate :: LICENSE-APACHE ; https://static.crates.io/crates/regex/regex-1.11.2.crate :: LICENSE-MIT,https://static.crates.io/crates/regex/regex-1.11.2.crate,No source publication requirement under the recorded permissive license.,Yes: retain copyright and full license; retain applicable upstream notices.,No project changes to distributed addon; upstream dependency modifications not independently established.,redistributed code,Versioned crate source path present in native addon; exact registry archive SHA256 23d7fd106d8c02486a8d64e778353d1cffe08ce79ac2e82f540c86d0facf6912,confirmed,licenses/rust/regex-1.11.2/LICENSE-APACHE ; licenses/rust/regex-1.11.2/LICENSE-MIT,Unicode table license is also retained where supplied. Dual-license texts retained; MIT option used where available.
regex-automata,0.4.10 / 873ed800c535bc3ef0711c1ee6f2726b89a8508c,Copyright (c) 2014 The Rust Project Developers,MIT OR Apache-2.0,ETS2-FlexBar-1.0.0.flexplugin!backend/node_modules/@napi-rs/canvas-win32-x64-msvc/skia.win32-x64-msvc.node,https://static.crates.io/crates/regex-automata/regex-automata-0.4.10.crate :: LICENSE-APACHE ; https://static.crates.io/crates/regex-automata/regex-automata-0.4.10.crate :: LICENSE-MIT,https://static.crates.io/crates/regex-automata/regex-automata-0.4.10.crate,No source publication requirement under the recorded permissive license.,Yes: retain copyright and full license; retain applicable upstream notices.,No project changes to distributed addon; upstream dependency modifications not independently established.,redistributed code,Versioned crate source path present in native addon; exact registry archive SHA256 6b9458fa0bfeeac22b5ca447c63aaf45f28439a709ccd244698632f9aa6394d6,confirmed,licenses/rust/regex-automata-0.4.10/LICENSE-APACHE ; licenses/rust/regex-automata-0.4.10/LICENSE-MIT,Unicode table license is also retained where supplied. Dual-license texts retained; MIT option used where available.
regex-syntax,0.8.6 / ea834f8e1fd7b72a3c1b2319b1a47f0c50d43082,"Copyright (c) 2014 The Rust Project Developers | Copyright © 1991-2018 Unicode, Inc. All rights reserved.",MIT OR Apache-2.0,ETS2-FlexBar-1.0.0.flexplugin!backend/node_modules/@napi-rs/canvas-win32-x64-msvc/skia.win32-x64-msvc.node,https://static.crates.io/crates/regex-syntax/regex-syntax-0.8.6.crate :: LICENSE-APACHE ; https://static.crates.io/crates/regex-syntax/regex-syntax-0.8.6.crate :: LICENSE-MIT ; https://static.crates.io/crates/regex-syntax/regex-syntax-0.8.6.crate :: src/unicode_tables/LICENSE-UNICODE,https://static.crates.io/crates/regex-syntax/regex-syntax-0.8.6.crate,No source publication requirement under the recorded permissive license.,Yes: retain copyright and full license; retain applicable upstream notices.,No project changes to distributed addon; upstream dependency modifications not independently established.,redistributed code,Versioned crate source path present in native addon; exact registry archive SHA256 caf4aa5b0f434c91fe5c7f1ecb6a5ece2130b02ad2a590589dda5146df959001,confirmed,licenses/rust/regex-syntax-0.8.6/LICENSE-APACHE ; licenses/rust/regex-syntax-0.8.6/LICENSE-MIT ; licenses/rust/regex-syntax-0.8.6/LICENSE-UNICODE,Unicode table license is also retained where supplied. Dual-license texts retained; MIT option used where available.
smallvec,1.15.1 / d0f47a3ea99296498ee940b5d99f59b403c498a2,Copyright (c) 2018 The Servo Project Developers,MIT OR Apache-2.0,ETS2-FlexBar-1.0.0.flexplugin!backend/node_modules/@napi-rs/canvas-win32-x64-msvc/skia.win32-x64-msvc.node,https://static.crates.io/crates/smallvec/smallvec-1.15.1.crate :: LICENSE-APACHE ; https://static.crates.io/crates/smallvec/smallvec-1.15.1.crate :: LICENSE-MIT,https://static.crates.io/crates/smallvec/smallvec-1.15.1.crate,No source publication requirement under the recorded permissive license.,Yes: retain copyright and full license; retain applicable upstream notices.,No project changes to distributed addon; upstream dependency modifications not independently established.,redistributed code,Versioned crate source path present in native addon; exact registry archive SHA256 67b1b7a3b5fe4f1376887184045fcf45c69e92af734b7aaddc05fb777b6fbd03,confirmed,licenses/rust/smallvec-1.15.1/LICENSE-APACHE ; licenses/rust/smallvec-1.15.1/LICENSE-MIT,Unicode table license is also retained where supplied. Dual-license texts retained; MIT option used where available.
tokio,1.47.1 / be8ee45b3fc2d107174e586141b1cb12c93e2ddf,Copyright (c) Tokio Contributors,MIT,ETS2-FlexBar-1.0.0.flexplugin!backend/node_modules/@napi-rs/canvas-win32-x64-msvc/skia.win32-x64-msvc.node,https://static.crates.io/crates/tokio/tokio-1.47.1.crate :: LICENSE,https://static.crates.io/crates/tokio/tokio-1.47.1.crate,No source publication requirement under the recorded permissive license.,Yes: retain copyright and full license; retain applicable upstream notices.,No project changes to distributed addon; upstream dependency modifications not independently established.,redistributed code,Versioned crate source path present in native addon; exact registry archive SHA256 89e49afdadebb872d3145a5638b59eb0691ea23e46ca484037cfab3b76b95038,confirmed,licenses/rust/tokio-1.47.1/LICENSE,Unicode table license is also retained where supplied. Dual-license texts retained; MIT option used where available.
hashbrown,0.15.4 / 8ceeb4045f8a23752d0091cf4c6c8976c9e291b3,Copyright (c) 2016 Amanieu d'Antras,MIT OR Apache-2.0,ETS2-FlexBar-1.0.0.flexplugin!backend/node_modules/@napi-rs/canvas-win32-x64-msvc/skia.win32-x64-msvc.node,https://static.crates.io/crates/hashbrown/hashbrown-0.15.4.crate :: hashbrown-0.15.4/LICENSE-APACHE ; https://static.crates.io/crates/hashbrown/hashbrown-0.15.4.crate :: hashbrown-0.15.4/LICENSE-MIT,https://static.crates.io/crates/hashbrown/hashbrown-0.15.4.crate,No source publication requirement; MIT option used.,Yes: retain copyright and full license; retain applicable upstream notices.,No project changes to distributed addon; upstream dependency modifications not independently established.,redistributed code,Versioned crate source path present in native addon. Archive SHA256 5971ac85611da7067dbfcabef3c70ebb5606018acd9e2a3903a0da507521e0d5,confirmed,licenses/rust/hashbrown-0.15.4/LICENSE-APACHE ; licenses/rust/hashbrown-0.15.4/LICENSE-MIT,
rustc-demangle,0.1.25 / 8e15996082029a8f5e577906b7464aa412660d91,Copyright (c) 2014 Alex Crichton,MIT OR Apache-2.0,ETS2-FlexBar-1.0.0.flexplugin!backend/node_modules/@napi-rs/canvas-win32-x64-msvc/skia.win32-x64-msvc.node,https://static.crates.io/crates/rustc-demangle/rustc-demangle-0.1.25.crate :: rustc-demangle-0.1.25/LICENSE-APACHE ; https://static.crates.io/crates/rustc-demangle/rustc-demangle-0.1.25.crate :: rustc-demangle-0.1.25/LICENSE-MIT,https://static.crates.io/crates/rustc-demangle/rustc-demangle-0.1.25.crate,No source publication requirement; MIT option used.,Yes: retain copyright and full license; retain applicable upstream notices.,No project changes to distributed addon; upstream dependency modifications not independently established.,redistributed code,Versioned crate source path present in native addon. Archive SHA256 989e6739f80c4ad5b13e0fd7fe89531180375b18520cc8c82080e4dc4035b84f,confirmed,licenses/rust/rustc-demangle-0.1.25/LICENSE-APACHE ; licenses/rust/rustc-demangle-0.1.25/LICENSE-MIT,
cssparser-color,0.3.0 / 3dd4f63639925438d9932dafc0d81395847f9be4,See full license/source notices; no separate holder inferred from package author.,MPL-2.0,ETS2-FlexBar-1.0.0.flexplugin!backend/node_modules/@napi-rs/canvas-win32-x64-msvc/skia.win32-x64-msvc.node,https://raw.githubusercontent.com/servo/rust-cssparser/3dd4f63639925438d9932dafc0d81395847f9be4/LICENSE,https://static.crates.io/crates/cssparser-color/cssparser-color-0.3.0.crate,YES: MPL-2.0 Source Code Form including modifications; see SOURCE_AVAILABILITY.md.,Yes: retain copyright and full license; retain applicable upstream notices.,No project changes to distributed addon; upstream dependency modifications not independently established.,redistributed code,"Canvas pinned src/ctx.rs, filter.rs, gradient.rs and pattern.rs import cssparser_color. Cargo requires 0.3; registry has only 0.3.0 in that range (also at historical build date). Inclusion follows compiled production color code; version is source/registry-derived, not a binary version string. Archive SHA256 6eeef9ae8c0e112edd89eb6406b3156ffa99c7e037b3baef1dbdf4158d35c324",source/registry-derived version,licenses/rust/cssparser-color-0.3.0/LICENSE-upstream,
Rust standard library (std / alloc / core),29483883eed69d5fb4db01964cdf2af4d86e9cb2,Copyright (c) The Rust Project Contributors | It is Copyright (c) The Rust Project Contributors.,MIT OR Apache-2.0,ETS2-FlexBar-1.0.0.flexplugin!backend/node_modules/@napi-rs/canvas-win32-x64-msvc/skia.win32-x64-msvc.node,https://raw.githubusercontent.com/rust-lang/rust/29483883eed69d5fb4db01964cdf2af4d86e9cb2/LICENSE-MIT ; https://raw.githubusercontent.com/rust-lang/rust/29483883eed69d5fb4db01964cdf2af4d86e9cb2/LICENSE-APACHE ; https://raw.githubusercontent.com/rust-lang/rust/29483883eed69d5fb4db01964cdf2af4d86e9cb2/COPYRIGHT,https://github.com/rust-lang/rust/tree/29483883eed69d5fb4db01964cdf2af4d86e9cb2/library,No source publication requirement under the recorded permissive license.,Yes: retain copyright and full license; retain applicable upstream notices.,No project changes to distributed addon; upstream dependency modifications not independently established.,redistributed code,Multiple embedded /rustc/<commit>/library diagnostics identify this exact commit.,confirmed,licenses/rust-standard-library/LICENSE-MIT ; licenses/rust-standard-library/LICENSE-APACHE ; licenses/rust-standard-library/COPYRIGHT,MIT option used. This row is not an exhaustive inventory of compiler-provided builtins/third-party standard-library internals.
Skia,1fdbea293a53b270e3f5e74c92cc6670d68412ff (wrapper submodule/download-tag mapping),Google LLC,BSD-3-Clause,ETS2-FlexBar-1.0.0.flexplugin!backend/node_modules/@napi-rs/canvas-win32-x64-msvc/skia.win32-x64-msvc.node,https://raw.githubusercontent.com/google/skia/1fdbea293a53b270e3f5e74c92cc6670d68412ff/LICENSE,https://github.com/google/skia/tree/1fdbea293a53b270e3f5e74c92cc6670d68412ff,No source publication requirement under the recorded permissive license.,Yes: retain copyright and full license; retain applicable upstream notices.,No project changes to distributed addon; upstream dependency modifications not independently established.,redistributed code,Actual addon marker: ../../modules/skshaper/src/SkShaper_harfbuzz.cpp. Exact source pin from Canvas/Skia build input; pin does not independently prove historical static-library build provenance.,inclusion confirmed; source-pin provenance qualified,licenses/native/skia-LICENSE.txt,
Expat,Source pin 8e49998f003d693213b538ef765814c7d21abada; binary revision not independently proven,Expat contributors; see COPYING,MIT,ETS2-FlexBar-1.0.0.flexplugin!backend/node_modules/@napi-rs/canvas-win32-x64-msvc/skia.win32-x64-msvc.node,https://raw.githubusercontent.com/libexpat/libexpat/8e49998f003d693213b538ef765814c7d21abada/COPYING,https://github.com/libexpat/libexpat/tree/8e49998f003d693213b538ef765814c7d21abada,No source publication requirement under the recorded permissive license.,Yes: retain copyright and full license; retain applicable upstream notices.,No project changes to distributed addon; upstream dependency modifications not independently established.,redistributed code,Actual addon marker: EXPAT_ENTROPY_DEBUG. Exact source pin from Canvas/Skia build input; pin does not independently prove historical static-library build provenance.,inclusion confirmed; source-pin provenance qualified,licenses/native/expat-LICENSE.txt,
FreeType,Source pin 1518bc83d26b434031bd12c706ac3c7dab3902fd; binary revision not independently proven,The FreeType Project authors; see FTL.TXT,FTL (selected alternative),ETS2-FlexBar-1.0.0.flexplugin!backend/node_modules/@napi-rs/canvas-win32-x64-msvc/skia.win32-x64-msvc.node,https://chromium.googlesource.com/chromium/src/third_party/freetype2/+/1518bc83d26b434031bd12c706ac3c7dab3902fd/docs/FTL.TXT?format=TEXT,https://chromium.googlesource.com/chromium/src/third_party/freetype2/+/1518bc83d26b434031bd12c706ac3c7dab3902fd/,No source publication requirement under the recorded permissive license.,Yes: retain copyright and full license; retain applicable upstream notices.,No project changes to distributed addon; upstream dependency modifications not independently established.,redistributed code,Actual addon marker: FREETYPE_PROPERTIES. Exact source pin from Canvas/Skia build input; pin does not independently prove historical static-library build provenance.,inclusion confirmed; source-pin provenance qualified,licenses/native/freetype-LICENSE.txt,"Uses the FreeType Project, https://freetype.org/ . FTL binary documentation acknowledgment retained."
HarfBuzz,Source pin 08b52ae2e44931eef163dbad71697f911fadc323; binary revision not independently proven,HarfBuzz contributors; see COPYING,MIT-style (see COPYING),ETS2-FlexBar-1.0.0.flexplugin!backend/node_modules/@napi-rs/canvas-win32-x64-msvc/skia.win32-x64-msvc.node,https://raw.githubusercontent.com/harfbuzz/harfbuzz/08b52ae2e44931eef163dbad71697f911fadc323/COPYING,https://github.com/harfbuzz/harfbuzz/tree/08b52ae2e44931eef163dbad71697f911fadc323,No source publication requirement under the recorded permissive license.,Yes: retain copyright and full license; retain applicable upstream notices.,No project changes to distributed addon; upstream dependency modifications not independently established.,redistributed code,Actual addon marker: harfbuzz . Exact source pin from Canvas/Skia build input; pin does not independently prove historical static-library build provenance.,inclusion confirmed; source-pin provenance qualified,licenses/native/harfbuzz-LICENSE.txt,
ICU library and data,74 data family (icudt74l); source pin 364118a1d9da24bb5b770ac3d762ac144d6da5a4; patch unresolved,"Unicode, Inc.; IBM; listed data contributors",Unicode/ICU and bundled data notices (see full LICENSE),ETS2-FlexBar-1.0.0.flexplugin!backend/node_modules/@napi-rs/canvas-win32-x64-msvc/skia.win32-x64-msvc.node ; ETS2-FlexBar-1.0.0.flexplugin!backend/node_modules/@napi-rs/canvas-win32-x64-msvc/icudtl.dat,https://chromium.googlesource.com/chromium/deps/icu/+/364118a1d9da24bb5b770ac3d762ac144d6da5a4/LICENSE?format=TEXT,https://chromium.googlesource.com/chromium/deps/icu/+/364118a1d9da24bb5b770ac3d762ac144d6da5a4/,No source publication requirement under the recorded permissive license.,Yes: retain copyright and full license; retain applicable upstream notices.,No project changes to distributed addon; upstream dependency modifications not independently established.,redistributed code,Actual addon marker: icudt74l. Exact source pin from Canvas/Skia build input; pin does not independently prove historical static-library build provenance.,inclusion confirmed; source-pin provenance qualified,licenses/native/icu-LICENSE.txt,
libjpeg-turbo,3.1.0 (binary string); source pin e14cbfaa85529d47f9f55b0f104a579c1061f9ad,The libjpeg-turbo Project and contributors; Independent JPEG Group,BSD-3-Clause AND IJG AND Zlib,ETS2-FlexBar-1.0.0.flexplugin!backend/node_modules/@napi-rs/canvas-win32-x64-msvc/skia.win32-x64-msvc.node,https://chromium.googlesource.com/chromium/deps/libjpeg_turbo/+/e14cbfaa85529d47f9f55b0f104a579c1061f9ad/LICENSE.md?format=TEXT ; https://chromium.googlesource.com/chromium/deps/libjpeg_turbo/+/e14cbfaa85529d47f9f55b0f104a579c1061f9ad/README.ijg?format=TEXT,https://chromium.googlesource.com/chromium/deps/libjpeg_turbo/+/e14cbfaa85529d47f9f55b0f104a579c1061f9ad/,No source publication requirement under the recorded permissive license.,Yes: retain copyright and full license; retain applicable upstream notices.,No project changes to distributed addon; upstream dependency modifications not independently established.,redistributed code,Actual addon marker: libjpeg-turbo version 3.1.0. Exact source pin from Canvas/Skia build input; pin does not independently prove historical static-library build provenance.,inclusion confirmed; source-pin provenance qualified,licenses/native/jpeg-LICENSE.txt ; licenses/native/jpeg-README.ijg.txt,
libjxl,Source pin a205468bc5d3a353fb15dae2398a101dff52f2d3; binary revision not independently proven,The JPEG XL Project Authors,BSD-3-Clause,ETS2-FlexBar-1.0.0.flexplugin!backend/node_modules/@napi-rs/canvas-win32-x64-msvc/skia.win32-x64-msvc.node,https://raw.githubusercontent.com/libjxl/libjxl/a205468bc5d3a353fb15dae2398a101dff52f2d3/LICENSE ; https://raw.githubusercontent.com/libjxl/libjxl/a205468bc5d3a353fb15dae2398a101dff52f2d3/PATENTS,https://github.com/libjxl/libjxl/tree/a205468bc5d3a353fb15dae2398a101dff52f2d3,No source publication requirement under the recorded permissive license.,Yes: retain copyright and full license; retain applicable upstream notices.,No project changes to distributed addon; upstream dependency modifications not independently established.,redistributed code,"Actual addon marker: Copyright 2019 Google LLC, CC-BY-SA 3.0 Unported. Exact source pin from Canvas/Skia build input; pin does not independently prove historical static-library build provenance.",inclusion confirmed; source-pin provenance qualified,licenses/native/jxl-LICENSE.txt ; licenses/native/jxl-PATENTS,"The libjxl ICC copyright string is generated metadata, not evidence that all libjxl or the plugin is CC-BY-SA."
libpng,Source pin ed217e3e601d8e462f7fd1e04bed43ac42212429; binary revision not independently proven,The libpng authors; see LICENSE,Libpng,ETS2-FlexBar-1.0.0.flexplugin!backend/node_modules/@napi-rs/canvas-win32-x64-msvc/skia.win32-x64-msvc.node,https://skia.googlesource.com/third_party/libpng/+/ed217e3e601d8e462f7fd1e04bed43ac42212429/LICENSE?format=TEXT,https://skia.googlesource.com/third_party/libpng/+/ed217e3e601d8e462f7fd1e04bed43ac42212429/,No source publication requirement under the recorded permissive license.,Yes: retain copyright and full license; retain applicable upstream notices.,No project changes to distributed addon; upstream dependency modifications not independently established.,redistributed code,Actual addon marker: Application built with libpng-. Exact source pin from Canvas/Skia build input; pin does not independently prove historical static-library build provenance.,inclusion confirmed; source-pin provenance qualified,licenses/native/png-LICENSE.txt,
libwebp,Source pin 845d5476a866141ba35ac133f856fa62f0b7445f; binary revision not independently proven,Google Inc.; see COPYING,BSD-3-Clause,ETS2-FlexBar-1.0.0.flexplugin!backend/node_modules/@napi-rs/canvas-win32-x64-msvc/skia.win32-x64-msvc.node,https://chromium.googlesource.com/webm/libwebp/+/845d5476a866141ba35ac133f856fa62f0b7445f/COPYING?format=TEXT ; https://chromium.googlesource.com/webm/libwebp/+/845d5476a866141ba35ac133f856fa62f0b7445f/PATENTS?format=TEXT,https://chromium.googlesource.com/webm/libwebp/+/845d5476a866141ba35ac133f856fa62f0b7445f/,No source publication requirement under the recorded permissive license.,Yes: retain copyright and full license; retain applicable upstream notices.,No project changes to distributed addon; upstream dependency modifications not independently established.,redistributed code,Actual addon marker: WEBPVP8L. Exact source pin from Canvas/Skia build input; pin does not independently prove historical static-library build provenance.,inclusion confirmed; source-pin provenance qualified,licenses/native/webp-LICENSE.txt ; licenses/native/webp-PATENTS,
Wuffs,Source pin e3f919ccfe3ef542cfc983a82146070258fb57f8; binary revision not independently proven,The Wuffs Authors,Apache-2.0,ETS2-FlexBar-1.0.0.flexplugin!backend/node_modules/@napi-rs/canvas-win32-x64-msvc/skia.win32-x64-msvc.node,https://raw.githubusercontent.com/google/wuffs-mirror-release-c/e3f919ccfe3ef542cfc983a82146070258fb57f8/LICENSE ; https://raw.githubusercontent.com/google/wuffs-mirror-release-c/e3f919ccfe3ef542cfc983a82146070258fb57f8/release/c/wuffs-v0.3.c,https://github.com/google/wuffs-mirror-release-c/tree/e3f919ccfe3ef542cfc983a82146070258fb57f8,No source publication requirement under the recorded permissive license.,Yes: retain copyright and full license; retain applicable upstream notices.,No project changes to distributed addon; upstream dependency modifications not independently established.,redistributed code,Actual addon marker: #base: bad wuffs version. Exact source pin from Canvas/Skia build input; pin does not independently prove historical static-library build provenance.,inclusion confirmed; source-pin provenance qualified,licenses/native/wuffs-LICENSE.txt ; licenses/native/wuffs-header.h,
zlib,1.3.0.1 (binary string); source pin 646b7f569718921d7d4b5b8e22572ff6c76f2596,Jean-loup Gailly and Mark Adler,Zlib,ETS2-FlexBar-1.0.0.flexplugin!backend/node_modules/@napi-rs/canvas-win32-x64-msvc/skia.win32-x64-msvc.node,https://chromium.googlesource.com/chromium/src/third_party/zlib/+/646b7f569718921d7d4b5b8e22572ff6c76f2596/LICENSE?format=TEXT,https://chromium.googlesource.com/chromium/src/third_party/zlib/+/646b7f569718921d7d4b5b8e22572ff6c76f2596/,No source publication requirement under the recorded permissive license.,Yes: retain copyright and full license; retain applicable upstream notices.,No project changes to distributed addon; upstream dependency modifications not independently established.,redistributed code,Actual addon marker: deflate 1.3.0.1 Copyright. Exact source pin from Canvas/Skia build input; pin does not independently prove historical static-library build provenance.,inclusion confirmed; source-pin provenance qualified,licenses/native/zlib-LICENSE.txt,
Brotli dictionary/decoder,Source pin 6d03dfbedda1615c4cba1211f8d81735575209c8; binary revision not independently proven,The Brotli Authors,MIT,ETS2-FlexBar-1.0.0.flexplugin!backend/node_modules/@napi-rs/canvas-win32-x64-msvc/skia.win32-x64-msvc.node,https://raw.githubusercontent.com/google/brotli/6d03dfbedda1615c4cba1211f8d81735575209c8/LICENSE,https://github.com/google/brotli/tree/6d03dfbedda1615c4cba1211f8d81735575209c8,No source publication requirement under the recorded permissive license.,Yes: retain copyright and full license; retain applicable upstream notices.,No project changes to distributed addon; upstream dependency modifications not independently established.,redistributed code,Actual addon marker: people.in one =windowfooter_a good. Exact source pin from Canvas/Skia build input; pin does not independently prove historical static-library build provenance.,inclusion confirmed; source-pin provenance qualified,licenses/native/brotli-LICENSE.txt,
libaom,3.11.0,"Copyright (c) 2016, Alliance for Open Media. All rights reserved.",BSD-2-Clause AND AOM patent license,ETS2-FlexBar-1.0.0.flexplugin!backend/node_modules/@napi-rs/canvas-win32-x64-msvc/skia.win32-x64-msvc.node,https://aomedia.googlesource.com/aom/+/refs/tags/v3.11.0/LICENSE?format=TEXT ; https://aomedia.googlesource.com/aom/+/refs/tags/v3.11.0/PATENTS?format=TEXT,https://aomedia.googlesource.com/aom/+/refs/tags/v3.11.0/,No source publication requirement under the recorded permissive license.,Yes: retain copyright and full license; retain applicable upstream notices.,No project changes to distributed addon; upstream dependency modifications not independently established.,redistributed code,Actual addon encoder version literal v3.11.0; retain PATENTS in addition to BSD text.,confirmed,licenses/libaom-3.11.0/LICENSE ; licenses/libaom-3.11.0/PATENTS,
libavif,UNRESOLVED: no exact binary version/commit established,"libavif contributors / Microsoft mimalloc contributors, subject to exact source notice confirmation.",BSD-2-Clause and included third-party notices,ETS2-FlexBar-1.0.0.flexplugin!backend/node_modules/@napi-rs/canvas-win32-x64-msvc/skia.win32-x64-msvc.node,https://raw.githubusercontent.com/AOMediaCodec/libavif/v1.2.1/LICENSE,UNRESOLVED exact corresponding source; see SOURCE_AVAILABILITY.md,No source publication requirement identified for the retained permissive license.,Retain supplied upstream copyright and license text.,No project changes to distributed addon; upstream dependency modifications not independently established.,redistributed code,Actual addon diagnostic: libavif error: ,inclusion confirmed; historical exact revision not recovered (nonblocking),licenses/native/libavif-LICENSE.txt,"License-source tag identifies retained notice text, not a claim that the binary was built from that tag."
mimalloc,UNRESOLVED: no exact binary version/commit established,"libavif contributors / Microsoft mimalloc contributors, subject to exact source notice confirmation.",MIT,ETS2-FlexBar-1.0.0.flexplugin!backend/node_modules/@napi-rs/canvas-win32-x64-msvc/skia.win32-x64-msvc.node,https://raw.githubusercontent.com/microsoft/mimalloc/v2.1.7/LICENSE,UNRESOLVED exact corresponding source; see SOURCE_AVAILABILITY.md,No source publication requirement identified for the retained permissive license.,Retain supplied upstream copyright and license text.,No project changes to distributed addon; upstream dependency modifications not independently established.,redistributed code,Actual addon diagnostic: mimalloc:,inclusion confirmed; historical exact revision not recovered (nonblocking),licenses/native/mimalloc-LICENSE.txt,"License-source tag identifies retained notice text, not a claim that the binary was built from that tag."
Microsoft C++ standard library,MSVC toolset 14.50.35717 installed/build selection; exact STL source commit unresolved,Microsoft Corporation,Apache-2.0 WITH LLVM-exception,ets2-flexbar.dll (templates and static libcpmt),https://raw.githubusercontent.com/microsoft/STL/219514876ea86491de191ceaa88632616bbc0f19/LICENSE.txt,UNRESOLVED exact STL source revision; license text pinned at https://raw.githubusercontent.com/microsoft/STL/219514876ea86491de191ceaa88632616bbc0f19/LICENSE.txt,No source publication requirement under the recorded permissive license.,"Retain applicable source notices; LLVM exception permits specified object-code embedding without Apache sections 4(a), 4(b), 4(d). Full license retained here.",Not edited by project; compiled/linked portions only.,redistributed code,bridge.obj /DEFAULTLIB:libcpmt; /MT; installed headers carry Microsoft copyright and Apache-2.0 WITH LLVM-exception.,inclusion confirmed; exact source revision unresolved,licenses/microsoft-stl/LICENSE.txt,
Microsoft static C/C++ runtime (CRT),MSVC 14.50.35717 build toolset; linker 14.50; per-object runtime revision not recorded,Microsoft Corporation,Microsoft proprietary runtime / applicable Visual Studio distributable-code terms,ets2-flexbar.dll (LIBCMT / compiler runtime portions),https://visualstudio.microsoft.com/wp-content/uploads/2025/10/Visual_Studio_2026-License-Diagnostic_and_Build_Tools_ENU.docx ; https://visualstudio.microsoft.com/wp-content/uploads/2025/10/Visual_Studio_2026-License-Diagnostic_and_Build_Tools_ENU.docx (plain text extraction; DOCX is authoritative) ; https://visualstudio.microsoft.com/wp-content/uploads/2025/10/Visual-C-V14-License-Redistributable_and_Runtime_ENU.docx ; https://visualstudio.microsoft.com/wp-content/uploads/2025/10/Visual-C-V14-License-Redistributable_and_Runtime_ENU.docx (plain text extraction; DOCX is authoritative),No public corresponding-source offer required/established; https://learn.microsoft.com/en-us/visualstudio/releases/2026/redistribution,No source publication requirement established under proprietary runtime terms.,"Do not remove existing notices; distribution entitlement derives from applicable Visual Studio license, not merely a redistributable end-user license.",No project modifications; statically linked.,redistributed code,"Object directives MT_StaticRelease, LIBCMT, OLDNAMES; DLL imports no VCRUNTIME/MSVCP DLL.",inclusion confirmed; entitlement must be checked against applicable build license,licenses/microsoft-runtime/microsoft-buildtools.docx ; licenses/microsoft-runtime/microsoft-buildtools.txt ; licenses/microsoft-runtime/microsoft-redist.docx ; licenses/microsoft-runtime/microsoft-redist.txt,The retained runtime EULA is not itself permission to redistribute. Do not treat a list of runtime files or Build Tools installation as proof of entitlement. Canvas may also embed CRT portions; exact upstream toolset/map unavailable.
SCS SDK license text / compile-time ABI interface,1.14; 22 vendored files byte-match official archive,Copyright (C) 2016 SCS Software,MIT-style (verbatim sdk_license.txt),ETS2-FlexBar-1.0.0.flexplugin!resources/SCS-SDK-LICENSE.txt; ets2-flexbar.dll uses ABI declarations only,https://download.eurotrucksimulator2.com/scs_sdk_1_14.zip :: sdk_license.txt,https://download.eurotrucksimulator2.com/scs_sdk_1_14.zip,No source availability/offer clause in actual sdk_license.txt.,Required for copies/substantial portions per actual MIT-style text. Mere interface compilation is not evidence of redistributing SCS implementation. Full notice retained conservatively.,Vendored SDK files unchanged; 22 comparisons match official 1.14 ZIP.,redistributed notice text; compile-time interface (not SCS implementation),Source includes SDK headers; build has no SCS .lib; PE imports no SCS implementation; headers have no inline implementation functions. License text itself is copied in plugin resources.,confirmed,licenses/scs-sdk-1.14/sdk_license.txt,
Windows system libraries,Host-selected Windows version; not shipped by these two files,Microsoft Corporation,Microsoft Windows system components,"ets2-flexbar.dll imports WS2_32.dll, USER32.dll, KERNEL32.dll; canvas addon imports bcryptprimitives.dll, API-set sync, ADVAPI32.dll, kernel32.dll, ntdll.dll",UNRESOLVED: no version-applicable text retrieved,Not a redistributed source component,Not applicable to redistribution of these files; OS binaries not included.,No separate OS license files are being redistributed.,Not distributed or modified.,dynamic link to host-provided system component,PE import tables inspected.,confirmed,,
